NCBI GeneID	Taxonomic Name	Symbol	Transcript Accession	Transcript Transcript Length	Transcript Protein Accession	Transcript Protein Length
672	Homo sapiens	BRCA1	NM_001407571.1	7152	NP_001394500.1	1792
672	Homo sapiens	BRCA1	NM_001407581.1	7154	NP_001394510.1	1885
672	Homo sapiens	BRCA1	NM_001407582.1	7243	NP_001394511.1	1885
672	Homo sapiens	BRCA1	NM_001407583.1	7685	NP_001394512.1	1884
672	Homo sapiens	BRCA1	NM_001407585.1	7138	NP_001394514.1	1884
672	Homo sapiens	BRCA1	NM_001407587.1	7145	NP_001394516.1	1884
672	Homo sapiens	BRCA1	NM_001407590.1	7148	NP_001394519.1	1883
672	Homo sapiens	BRCA1	NM_001407591.1	7682	NP_001394520.1	1883
672	Homo sapiens	BRCA1	NM_001407593.1	8243	NP_001394522.1	1863
672	Homo sapiens	BRCA1	NM_001407594.1	7622	NP_001394523.1	1863
672	Homo sapiens	BRCA1	NM_001407596.1	7254	NP_001394525.1	1863
672	Homo sapiens	BRCA1	NM_001407597.1	7177	NP_001394526.1	1863
672	Homo sapiens	BRCA1	NM_001407598.1	7082	NP_001394527.1	1863
672	Homo sapiens	BRCA1	NM_001407602.1	7075	NP_001394531.1	1863
672	Homo sapiens	BRCA1	NM_001407603.1	7069	NP_001394532.1	1863
672	Homo sapiens	BRCA1	NM_001407605.1	7609	NP_001394534.1	1863
672	Homo sapiens	BRCA1	NM_001407610.1	8240	NP_001394539.1	1862
672	Homo sapiens	BRCA1	NM_001407611.1	7085	NP_001394540.1	1862
672	Homo sapiens	BRCA1	NM_001407612.1	7174	NP_001394541.1	1862
672	Homo sapiens	BRCA1	NM_001407613.1	7066	NP_001394542.1	1862
672	Homo sapiens	BRCA1	NM_001407614.1	7079	NP_001394543.1	1862
672	Homo sapiens	BRCA1	NM_001407615.1	7619	NP_001394544.1	1862
672	Homo sapiens	BRCA1	NM_001407616.1	7085	NP_001394545.1	1862
672	Homo sapiens	BRCA1	NM_001407617.1	7079	NP_001394546.1	1862
672	Homo sapiens	BRCA1	NM_001407618.1	7066	NP_001394547.1	1862
672	Homo sapiens	BRCA1	NM_001407619.1	7619	NP_001394548.1	1862
672	Homo sapiens	BRCA1	NM_001407620.1	7174	NP_001394549.1	1862
672	Homo sapiens	BRCA1	NM_001407621.1	8240	NP_001394550.1	1862
672	Homo sapiens	BRCA1	NM_001407622.1	7072	NP_001394551.1	1862
672	Homo sapiens	BRCA1	NM_001407623.1	7606	NP_001394552.1	1862
672	Homo sapiens	BRCA1	NM_001407624.1	7085	NP_001394553.1	1862
672	Homo sapiens	BRCA1	NM_001407625.1	7619	NP_001394554.1	1862
672	Homo sapiens	BRCA1	NM_001407626.1	7079	NP_001394555.1	1862
672	Homo sapiens	BRCA1	NM_001407627.1	7076	NP_001394556.1	1861
672	Homo sapiens	BRCA1	NM_001407628.1	7082	NP_001394557.1	1861
672	Homo sapiens	BRCA1	NM_001407629.1	7171	NP_001394558.1	1861
672	Homo sapiens	BRCA1	NM_001407630.1	7616	NP_001394559.1	1861
672	Homo sapiens	BRCA1	NM_001407631.1	7069	NP_001394560.1	1861
672	Homo sapiens	BRCA1	NM_001407632.1	7063	NP_001394561.1	1861
672	Homo sapiens	BRCA1	NM_001407633.1	7616	NP_001394562.1	1861
672	Homo sapiens	BRCA1	NM_001407634.1	8237	NP_001394563.1	1861
672	Homo sapiens	BRCA1	NM_001407635.1	7076	NP_001394564.1	1861
672	Homo sapiens	BRCA1	NM_001407636.1	7171	NP_001394565.1	1861
672	Homo sapiens	BRCA1	NM_001407637.1	7082	NP_001394566.1	1861
672	Homo sapiens	BRCA1	NM_001407638.1	7069	NP_001394567.1	1861
672	Homo sapiens	BRCA1	NM_001407639.1	7171	NP_001394568.1	1861
672	Homo sapiens	BRCA1	NM_001407640.1	7076	NP_001394569.1	1861
672	Homo sapiens	BRCA1	NM_001407641.1	7082	NP_001394570.1	1861
672	Homo sapiens	BRCA1	NM_001407642.1	7616	NP_001394571.1	1861
672	Homo sapiens	BRCA1	NM_001407644.1	7073	NP_001394573.1	1860
672	Homo sapiens	BRCA1	NM_001407645.1	7079	NP_001394574.1	1860
672	Homo sapiens	BRCA1	NM_001407646.1	7076	NP_001394575.1	1859
672	Homo sapiens	BRCA1	NM_001407647.1	7067	NP_001394576.1	1858
672	Homo sapiens	BRCA1	NM_001407648.1	7031	NP_001394577.1	1844
672	Homo sapiens	BRCA1	NM_001407649.1	7022	NP_001394578.1	1843
672	Homo sapiens	BRCA1	NM_001407652.1	7004	NP_001394581.1	1837
672	Homo sapiens	BRCA1	NM_001407653.1	7010	NP_001394582.1	1837
672	Homo sapiens	BRCA1	NM_001407654.1	7004	NP_001394583.1	1837
672	Homo sapiens	BRCA1	NM_001407655.1	7544	NP_001394584.1	1837
672	Homo sapiens	BRCA1	NM_001407656.1	7001	NP_001394585.1	1836
672	Homo sapiens	BRCA1	NM_001407657.1	7001	NP_001394586.1	1836
672	Homo sapiens	BRCA1	NM_001407658.1	7007	NP_001394587.1	1836
672	Homo sapiens	BRCA1	NM_001407659.1	6998	NP_001394588.1	1835
672	Homo sapiens	BRCA1	NM_001407660.1	7004	NP_001394589.1	1835
672	Homo sapiens	BRCA1	NM_001407661.1	7004	NP_001394590.1	1835
672	Homo sapiens	BRCA1	NM_001407662.1	6998	NP_001394591.1	1835
672	Homo sapiens	BRCA1	NM_001407663.1	7004	NP_001394592.1	1835
672	Homo sapiens	BRCA1	NM_001407664.1	6965	NP_001394593.1	1822
672	Homo sapiens	BRCA1	NM_001407665.1	6946	NP_001394594.1	1822
672	Homo sapiens	BRCA1	NM_001407666.1	7054	NP_001394595.1	1822
672	Homo sapiens	BRCA1	NM_001407667.1	6959	NP_001394596.1	1822
672	Homo sapiens	BRCA1	NM_001407668.1	6952	NP_001394597.1	1822
672	Homo sapiens	BRCA1	NM_001407669.1	7499	NP_001394598.1	1822
672	Homo sapiens	BRCA1	NM_001407670.1	6962	NP_001394599.1	1821
672	Homo sapiens	BRCA1	NM_001407671.1	6956	NP_001394600.1	1821
672	Homo sapiens	BRCA1	NM_001407672.1	7051	NP_001394601.1	1821
672	Homo sapiens	BRCA1	NM_001407673.1	7496	NP_001394602.1	1821
672	Homo sapiens	BRCA1	NM_001407674.1	7496	NP_001394603.1	1821
672	Homo sapiens	BRCA1	NM_001407675.1	6962	NP_001394604.1	1821
672	Homo sapiens	BRCA1	NM_001407676.1	6956	NP_001394605.1	1821
672	Homo sapiens	BRCA1	NM_001407677.1	7496	NP_001394606.1	1821
672	Homo sapiens	BRCA1	NM_001407678.1	7051	NP_001394607.1	1821
672	Homo sapiens	BRCA1	NM_001407679.1	6956	NP_001394608.1	1821
672	Homo sapiens	BRCA1	NM_001407680.1	6962	NP_001394609.1	1821
672	Homo sapiens	BRCA1	NM_001407681.1	6959	NP_001394610.1	1820
672	Homo sapiens	BRCA1	NM_001407682.1	6953	NP_001394611.1	1820
672	Homo sapiens	BRCA1	NM_001407683.1	7493	NP_001394612.1	1820
672	Homo sapiens	BRCA1	NM_001407684.1	7493	NP_001394613.1	1820
672	Homo sapiens	BRCA1	NM_001407685.1	6953	NP_001394614.1	1820
672	Homo sapiens	BRCA1	NM_001407686.1	6940	NP_001394615.1	1820
672	Homo sapiens	BRCA1	NM_001407687.1	7493	NP_001394616.1	1820
672	Homo sapiens	BRCA1	NM_001407688.1	6953	NP_001394617.1	1820
672	Homo sapiens	BRCA1	NM_001407689.1	6959	NP_001394618.1	1820
672	Homo sapiens	BRCA1	NM_001407690.1	7490	NP_001394619.1	1819
672	Homo sapiens	BRCA1	NM_001407691.1	6950	NP_001394620.1	1819
672	Homo sapiens	BRCA1	NM_001407692.1	6935	NP_001394621.1	1816
672	Homo sapiens	BRCA1	NM_001407694.1	7204	NP_001394623.1	1816
672	Homo sapiens	BRCA1	NM_001407695.1	7202	NP_001394624.1	1816
672	Homo sapiens	BRCA1	NM_001407696.1	7349	NP_001394625.1	1816
672	Homo sapiens	BRCA1	NM_001407697.1	7767	NP_001394626.1	1816
672	Homo sapiens	BRCA1	NM_001407698.1	7034	NP_001394627.1	1816
672	Homo sapiens	BRCA1	NM_001407724.1	7738	NP_001394653.1	1816
672	Homo sapiens	BRCA1	NM_001407725.1	7207	NP_001394654.1	1816
672	Homo sapiens	BRCA1	NM_001407726.1	7147	NP_001394655.1	1816
672	Homo sapiens	BRCA1	NM_001407727.1	7376	NP_001394656.1	1816
672	Homo sapiens	BRCA1	NM_001407728.1	6983	NP_001394657.1	1816
672	Homo sapiens	BRCA1	NM_001407729.1	6989	NP_001394658.1	1816
672	Homo sapiens	BRCA1	NM_001407730.1	7201	NP_001394659.1	1816
672	Homo sapiens	BRCA1	NM_001407731.1	7198	NP_001394660.1	1816
672	Homo sapiens	BRCA1	NM_001407732.1	7031	NP_001394661.1	1815
672	Homo sapiens	BRCA1	NM_001407733.1	7201	NP_001394662.1	1815
672	Homo sapiens	BRCA1	NM_001407734.1	7198	NP_001394663.1	1815
672	Homo sapiens	BRCA1	NM_001407735.1	6986	NP_001394664.1	1815
672	Homo sapiens	BRCA1	NM_001407736.1	7025	NP_001394665.1	1815
672	Homo sapiens	BRCA1	NM_001407737.1	6980	NP_001394666.1	1815
672	Homo sapiens	BRCA1	NM_001407738.1	7012	NP_001394667.1	1815
672	Homo sapiens	BRCA1	NM_001407739.1	7204	NP_001394668.1	1815
672	Homo sapiens	BRCA1	NM_001407740.1	7204	NP_001394669.1	1815
672	Homo sapiens	BRCA1	NM_001407741.1	7742	NP_001394670.1	1815
672	Homo sapiens	BRCA1	NM_001407742.1	7025	NP_001394671.1	1815
672	Homo sapiens	BRCA1	NM_001407743.1	6986	NP_001394672.1	1815
672	Homo sapiens	BRCA1	NM_001407744.1	7031	NP_001394673.1	1815
672	Homo sapiens	BRCA1	NM_001407745.1	6980	NP_001394674.1	1815
672	Homo sapiens	BRCA1	NM_001407746.1	7096	NP_001394675.1	1815
672	Homo sapiens	BRCA1	NM_001407747.1	6926	NP_001394676.1	1815
672	Homo sapiens	BRCA1	NM_001407748.1	7198	NP_001394677.1	1815
672	Homo sapiens	BRCA1	NM_001407749.1	7195	NP_001394678.1	1815
672	Homo sapiens	BRCA1	NM_001407750.1	7031	NP_001394679.1	1815
672	Homo sapiens	BRCA1	NM_001407751.1	7150	NP_001394680.1	1815
672	Homo sapiens	BRCA1	NM_001407752.1	7198	NP_001394681.1	1815
672	Homo sapiens	BRCA1	NM_001407838.1	7735	NP_001394767.1	1814
672	Homo sapiens	BRCA1	NM_001407839.1	6977	NP_001394768.1	1814
672	Homo sapiens	BRCA1	NM_001407841.1	7167	NP_001394770.1	1814
672	Homo sapiens	BRCA1	NM_001407842.1	7192	NP_001394771.1	1814
672	Homo sapiens	BRCA1	NM_001407843.1	7198	NP_001394772.1	1814
672	Homo sapiens	BRCA1	NM_001407844.1	6983	NP_001394773.1	1814
672	Homo sapiens	BRCA1	NM_001407845.1	7028	NP_001394774.1	1814
672	Homo sapiens	BRCA1	NM_001407846.1	7221	NP_001394775.1	1814
672	Homo sapiens	BRCA1	NM_001407847.1	7201	NP_001394776.1	1814
672	Homo sapiens	BRCA1	NM_001407848.1	6977	NP_001394777.1	1814
672	Homo sapiens	BRCA1	NM_001407849.1	7028	NP_001394778.1	1814
672	Homo sapiens	BRCA1	NM_001407850.1	7195	NP_001394779.1	1814
672	Homo sapiens	BRCA1	NM_001407851.1	6983	NP_001394780.1	1814
672	Homo sapiens	BRCA1	NM_001407852.1	7028	NP_001394781.1	1814
672	Homo sapiens	BRCA1	NM_001407853.1	7129	NP_001394782.1	1814
672	Homo sapiens	BRCA1	NM_001407854.1	7008	NP_001394783.1	1803
672	Homo sapiens	BRCA1	NM_001407858.1	7011	NP_001394787.1	1802
672	Homo sapiens	BRCA1	NM_001407859.1	7100	NP_001394788.1	1802
672	Homo sapiens	BRCA1	NM_001407860.1	7011	NP_001394789.1	1802
672	Homo sapiens	BRCA1	NM_001407861.1	7002	NP_001394790.1	1801
672	Homo sapiens	BRCA1	NM_001407862.1	6887	NP_001394791.1	1796
672	Homo sapiens	BRCA1	NM_001407863.1	6878	NP_001394792.1	1795
672	Homo sapiens	BRCA1	NM_001407874.1	6970	NP_001394803.1	1794
672	Homo sapiens	BRCA1	NM_001407875.1	6875	NP_001394804.1	1794
672	Homo sapiens	BRCA1	NM_001407879.1	7155	NP_001394808.1	1793
672	Homo sapiens	BRCA1	NM_001407881.1	7006	NP_001394810.1	1793
672	Homo sapiens	BRCA1	NM_001407882.1	7600	NP_001394811.1	1793
672	Homo sapiens	BRCA1	NM_001407884.1	7066	NP_001394813.1	1793
672	Homo sapiens	BRCA1	NM_001407885.1	6961	NP_001394814.1	1793
672	Homo sapiens	BRCA1	NM_001407886.1	7047	NP_001394815.1	1793
672	Homo sapiens	BRCA1	NM_001407887.1	7060	NP_001394816.1	1793
672	Homo sapiens	BRCA1	NM_001407889.1	7176	NP_001394818.1	1793
672	Homo sapiens	BRCA1	NM_001407894.1	7057	NP_001394823.1	1792
672	Homo sapiens	BRCA1	NM_001407895.1	7063	NP_001394824.1	1792
672	Homo sapiens	BRCA1	NM_001407896.1	7053	NP_001394825.1	1792
672	Homo sapiens	BRCA1	NM_001407897.1	7597	NP_001394826.1	1792
672	Homo sapiens	BRCA1	NM_001407898.1	7003	NP_001394827.1	1792
672	Homo sapiens	BRCA1	NM_001407899.1	7050	NP_001394828.1	1792
672	Homo sapiens	BRCA1	NM_001407900.1	7169	NP_001394829.1	1792
672	Homo sapiens	BRCA1	NM_001407902.1	7543	NP_001394831.1	1792
672	Homo sapiens	BRCA1	NM_001407904.1	7063	NP_001394833.1	1792
672	Homo sapiens	BRCA1	NM_001407906.1	7057	NP_001394835.1	1792
672	Homo sapiens	BRCA1	NM_001407907.1	7152	NP_001394836.1	1792
672	Homo sapiens	BRCA1	NM_001407908.1	7597	NP_001394837.1	1792
672	Homo sapiens	BRCA1	NM_001407909.1	7057	NP_001394838.1	1792
672	Homo sapiens	BRCA1	NM_001407910.1	7063	NP_001394839.1	1792
672	Homo sapiens	BRCA1	NM_001407915.1	7060	NP_001394844.1	1791
672	Homo sapiens	BRCA1	NM_001407916.1	7060	NP_001394845.1	1791
672	Homo sapiens	BRCA1	NM_001407917.1	7268	NP_001394846.1	1791
672	Homo sapiens	BRCA1	NM_001407918.1	7054	NP_001394847.1	1791
672	Homo sapiens	BRCA1	NM_001407919.1	7370	NP_001394848.1	1779
672	Homo sapiens	BRCA1	NM_001407920.1	7110	NP_001394849.1	1775
672	Homo sapiens	BRCA1	NM_001407921.1	7078	NP_001394850.1	1775
672	Homo sapiens	BRCA1	NM_001407922.1	6860	NP_001394851.1	1775
672	Homo sapiens	BRCA1	NM_001407923.1	7084	NP_001394852.1	1775
672	Homo sapiens	BRCA1	NM_001407924.1	6911	NP_001394853.1	1775
672	Homo sapiens	BRCA1	NM_001407925.1	6905	NP_001394854.1	1775
672	Homo sapiens	BRCA1	NM_001407926.1	6866	NP_001394855.1	1775
672	Homo sapiens	BRCA1	NM_001407927.1	7081	NP_001394856.1	1774
672	Homo sapiens	BRCA1	NM_001407928.1	6902	NP_001394857.1	1774
672	Homo sapiens	BRCA1	NM_001407929.1	6908	NP_001394858.1	1774
672	Homo sapiens	BRCA1	NM_001407930.1	7078	NP_001394859.1	1774
672	Homo sapiens	BRCA1	NM_001407931.1	6803	NP_001394860.1	1774
672	Homo sapiens	BRCA1	NM_001407932.1	6902	NP_001394861.1	1774
672	Homo sapiens	BRCA1	NM_001407933.1	7081	NP_001394862.1	1774
672	Homo sapiens	BRCA1	NM_001407934.1	7076	NP_001394863.1	1773
672	Homo sapiens	BRCA1	NM_001407935.1	6860	NP_001394864.1	1773
672	Homo sapiens	BRCA1	NM_001407936.1	6905	NP_001394865.1	1773
672	Homo sapiens	BRCA1	NM_001407937.1	7425	NP_001394866.1	1762
672	Homo sapiens	BRCA1	NM_001407938.1	6885	NP_001394867.1	1762
672	Homo sapiens	BRCA1	NM_001407939.1	7422	NP_001394868.1	1761
672	Homo sapiens	BRCA1	NM_001407940.1	6882	NP_001394869.1	1761
672	Homo sapiens	BRCA1	NM_001407941.1	7419	NP_001394870.1	1760
672	Homo sapiens	BRCA1	NM_001407942.1	7130	NP_001394871.1	1756
672	Homo sapiens	BRCA1	NM_001407943.1	7124	NP_001394872.1	1755
672	Homo sapiens	BRCA1	NM_001407944.1	7124	NP_001394873.1	1755
672	Homo sapiens	BRCA1	NM_001407945.1	6951	NP_001394874.1	1755
672	Homo sapiens	BRCA1	NM_001407946.1	6943	NP_001394875.1	1752
672	Homo sapiens	BRCA1	NM_001407947.1	7477	NP_001394876.1	1752
672	Homo sapiens	BRCA1	NM_001407948.1	7032	NP_001394877.1	1752
672	Homo sapiens	BRCA1	NM_001407949.1	6937	NP_001394878.1	1752
672	Homo sapiens	BRCA1	NM_001407950.1	7029	NP_001394879.1	1751
672	Homo sapiens	BRCA1	NM_001407951.1	6940	NP_001394880.1	1751
672	Homo sapiens	BRCA1	NM_001407952.1	7016	NP_001394881.1	1751
672	Homo sapiens	BRCA1	NM_001407953.1	6934	NP_001394882.1	1751
672	Homo sapiens	BRCA1	NM_001407954.1	7059	NP_001394883.1	1751
672	Homo sapiens	BRCA1	NM_001407955.1	6940	NP_001394884.1	1751
672	Homo sapiens	BRCA1	NM_001407956.1	7471	NP_001394885.1	1750
672	Homo sapiens	BRCA1	NM_001407957.1	6931	NP_001394886.1	1750
672	Homo sapiens	BRCA1	NM_001407958.1	6937	NP_001394887.1	1750
672	Homo sapiens	BRCA1	NM_001407959.1	6851	NP_001394888.1	1736
672	Homo sapiens	BRCA1	NM_001407960.1	6908	NP_001394889.1	1735
672	Homo sapiens	BRCA1	NM_001407962.1	6902	NP_001394891.1	1735
672	Homo sapiens	BRCA1	NM_001407963.1	6851	NP_001394892.1	1734
672	Homo sapiens	BRCA1	NM_001407964.1	6668	NP_001394893.1	1709
672	Homo sapiens	BRCA1	NM_001407965.1	7000	NP_001394894.1	1694
672	Homo sapiens	BRCA1	NM_001407966.1	6399	NP_001394895.1	1567
672	Homo sapiens	BRCA1	NM_001407967.1	6390	NP_001394896.1	1566
672	Homo sapiens	BRCA1	NM_001407968.1	4478	NP_001394897.1	995
672	Homo sapiens	BRCA1	NM_001407969.1	4475	NP_001394898.1	994
672	Homo sapiens	BRCA1	NM_001407970.1	5000	NP_001394899.1	782
672	Homo sapiens	BRCA1	NM_001407971.1	3845	NP_001394900.1	782
672	Homo sapiens	BRCA1	NM_001407972.1	4376	NP_001394901.1	781
672	Homo sapiens	BRCA1	NM_001407973.1	3945	NP_001394902.1	760
672	Homo sapiens	BRCA1	NM_001407974.1	3773	NP_001394903.1	760
672	Homo sapiens	BRCA1	NM_001407975.1	3779	NP_001394904.1	760
672	Homo sapiens	BRCA1	NM_001407976.1	3760	NP_001394905.1	760
672	Homo sapiens	BRCA1	NM_001407977.1	4313	NP_001394906.1	760
672	Homo sapiens	BRCA1	NM_001407978.1	3868	NP_001394907.1	760
672	Homo sapiens	BRCA1	NM_001407979.1	4310	NP_001394908.1	759
672	Homo sapiens	BRCA1	NM_001407980.1	3757	NP_001394909.1	759
672	Homo sapiens	BRCA1	NM_001407981.1	3865	NP_001394910.1	759
672	Homo sapiens	BRCA1	NM_001407982.1	4931	NP_001394911.1	759
672	Homo sapiens	BRCA1	NM_001407983.1	3776	NP_001394912.1	759
672	Homo sapiens	BRCA1	NM_001407984.1	3776	NP_001394913.1	759
672	Homo sapiens	BRCA1	NM_001407985.1	3770	NP_001394914.1	759
672	Homo sapiens	BRCA1	NM_001407986.1	4310	NP_001394915.1	759
672	Homo sapiens	BRCA1	NM_001407990.1	3770	NP_001394919.1	759
672	Homo sapiens	BRCA1	NM_001407991.1	3763	NP_001394920.1	759
672	Homo sapiens	BRCA1	NM_001407992.1	3865	NP_001394921.1	759
672	Homo sapiens	BRCA1	NM_001407993.1	3757	NP_001394922.1	759
672	Homo sapiens	BRCA1	NM_001408392.1	4307	NP_001395321.1	758
672	Homo sapiens	BRCA1	NM_001408396.1	3767	NP_001395325.1	758
672	Homo sapiens	BRCA1	NM_001408397.1	3754	NP_001395326.1	758
672	Homo sapiens	BRCA1	NM_001408398.1	3862	NP_001395327.1	758
672	Homo sapiens	BRCA1	NM_001408399.1	3773	NP_001395328.1	758
672	Homo sapiens	BRCA1	NM_001408400.1	4307	NP_001395329.1	758
672	Homo sapiens	BRCA1	NM_001408401.1	3767	NP_001395330.1	758
672	Homo sapiens	BRCA1	NM_001408402.1	3773	NP_001395331.1	758
672	Homo sapiens	BRCA1	NM_001408403.1	3773	NP_001395332.1	758
672	Homo sapiens	BRCA1	NM_001408404.1	3767	NP_001395333.1	758
672	Homo sapiens	BRCA1	NM_001408406.1	3770	NP_001395335.1	757
672	Homo sapiens	BRCA1	NM_001408407.1	3770	NP_001395336.1	757
672	Homo sapiens	BRCA1	NM_001408408.1	3764	NP_001395337.1	757
672	Homo sapiens	BRCA1	NM_001408409.1	3767	NP_001395338.1	756
672	Homo sapiens	BRCA1	NM_001408410.1	4498	NP_001395339.1	735
672	Homo sapiens	BRCA1	NM_001408411.1	4235	NP_001395340.1	734
672	Homo sapiens	BRCA1	NM_001408412.1	3692	NP_001395341.1	733
672	Homo sapiens	BRCA1	NM_001408413.1	3698	NP_001395342.1	733
672	Homo sapiens	BRCA1	NM_001408414.1	4232	NP_001395343.1	733
672	Homo sapiens	BRCA1	NM_001408415.1	4853	NP_001395344.1	733
672	Homo sapiens	BRCA1	NM_001408416.1	3787	NP_001395345.1	733
672	Homo sapiens	BRCA1	NM_001408418.1	3751	NP_001395347.1	721
672	Homo sapiens	BRCA1	NM_001408419.1	3662	NP_001395348.1	721
672	Homo sapiens	BRCA1	NM_001408420.1	3656	NP_001395349.1	721
672	Homo sapiens	BRCA1	NM_001408421.1	3646	NP_001395350.1	720
672	Homo sapiens	BRCA1	NM_001408422.1	3831	NP_001395351.1	720
672	Homo sapiens	BRCA1	NM_001408423.1	3653	NP_001395352.1	720
672	Homo sapiens	BRCA1	NM_001408424.1	3659	NP_001395353.1	720
672	Homo sapiens	BRCA1	NM_001408425.1	3656	NP_001395354.1	719
672	Homo sapiens	BRCA1	NM_001408426.1	4811	NP_001395355.1	719
672	Homo sapiens	BRCA1	NM_001408427.1	3643	NP_001395356.1	719
672	Homo sapiens	BRCA1	NM_001408428.1	3745	NP_001395357.1	719
672	Homo sapiens	BRCA1	NM_001408429.1	4190	NP_001395358.1	719
672	Homo sapiens	BRCA1	NM_001408430.1	3650	NP_001395359.1	719
672	Homo sapiens	BRCA1	NM_001408431.1	3656	NP_001395360.1	719
672	Homo sapiens	BRCA1	NM_001408432.1	3653	NP_001395361.1	718
672	Homo sapiens	BRCA1	NM_001408433.1	4187	NP_001395362.1	718
672	Homo sapiens	BRCA1	NM_001408434.1	3742	NP_001395363.1	718
672	Homo sapiens	BRCA1	NM_001408435.1	3647	NP_001395364.1	718
672	Homo sapiens	BRCA1	NM_001408436.1	3634	NP_001395365.1	718
672	Homo sapiens	BRCA1	NM_001408437.1	4187	NP_001395366.1	718
672	Homo sapiens	BRCA1	NM_001408438.1	3647	NP_001395367.1	718
672	Homo sapiens	BRCA1	NM_001408439.1	3653	NP_001395368.1	718
672	Homo sapiens	BRCA1	NM_001408440.1	3742	NP_001395369.1	718
672	Homo sapiens	BRCA1	NM_001408441.1	4187	NP_001395370.1	718
672	Homo sapiens	BRCA1	NM_001408442.1	4808	NP_001395371.1	718
672	Homo sapiens	BRCA1	NM_001408443.1	3653	NP_001395372.1	718
672	Homo sapiens	BRCA1	NM_001408444.1	3647	NP_001395373.1	718
672	Homo sapiens	BRCA1	NM_001408445.1	3650	NP_001395374.1	717
672	Homo sapiens	BRCA1	NM_001408446.1	3644	NP_001395375.1	717
672	Homo sapiens	BRCA1	NM_001408447.1	4184	NP_001395376.1	717
672	Homo sapiens	BRCA1	NM_001408448.1	3637	NP_001395377.1	717
672	Homo sapiens	BRCA1	NM_001408450.1	3739	NP_001395379.1	717
672	Homo sapiens	BRCA1	NM_001408451.1	3638	NP_001395380.1	715
672	Homo sapiens	BRCA1	NM_001408452.1	3892	NP_001395381.1	713
672	Homo sapiens	BRCA1	NM_001408453.1	3674	NP_001395382.1	713
672	Homo sapiens	BRCA1	NM_001408454.1	3725	NP_001395383.1	713
672	Homo sapiens	BRCA1	NM_001408455.1	3889	NP_001395384.1	713
672	Homo sapiens	BRCA1	NM_001408456.1	3895	NP_001395385.1	713
672	Homo sapiens	BRCA1	NM_001408457.1	3626	NP_001395386.1	713
672	Homo sapiens	BRCA1	NM_001408458.1	3785	NP_001395387.1	712
672	Homo sapiens	BRCA1	NM_001408459.1	3716	NP_001395388.1	712
672	Homo sapiens	BRCA1	NM_001408460.1	3722	NP_001395389.1	712
672	Homo sapiens	BRCA1	NM_001408461.1	3703	NP_001395390.1	712
672	Homo sapiens	BRCA1	NM_001408462.1	3984	NP_001395391.1	712
672	Homo sapiens	BRCA1	NM_001408463.1	3895	NP_001395392.1	712
672	Homo sapiens	BRCA1	NM_001408464.1	3716	NP_001395393.1	712
672	Homo sapiens	BRCA1	NM_001408465.1	3896	NP_001395394.1	712
672	Homo sapiens	BRCA1	NM_001408466.1	3889	NP_001395395.1	712
672	Homo sapiens	BRCA1	NM_001408467.1	3716	NP_001395396.1	712
672	Homo sapiens	BRCA1	NM_001408468.1	3883	NP_001395397.1	711
672	Homo sapiens	BRCA1	NM_001408469.1	3668	NP_001395398.1	711
672	Homo sapiens	BRCA1	NM_001408470.1	3668	NP_001395399.1	711
672	Homo sapiens	BRCA1	NM_001408472.1	3696	NP_001395401.1	699
672	Homo sapiens	BRCA1	NM_001408473.1	3699	NP_001395402.1	698
672	Homo sapiens	BRCA1	NM_001408474.1	3578	NP_001395403.1	693
672	Homo sapiens	BRCA1	NM_001408475.1	3569	NP_001395404.1	692
672	Homo sapiens	BRCA1	NM_001408476.1	3575	NP_001395405.1	692
672	Homo sapiens	BRCA1	NM_001408478.1	3846	NP_001395407.1	690
672	Homo sapiens	BRCA1	NM_001408479.1	3757	NP_001395408.1	690
672	Homo sapiens	BRCA1	NM_001408480.1	3751	NP_001395409.1	690
672	Homo sapiens	BRCA1	NM_001408481.1	3748	NP_001395410.1	689
672	Homo sapiens	BRCA1	NM_001408482.1	3899	NP_001395411.1	689
672	Homo sapiens	BRCA1	NM_001408483.1	4909	NP_001395412.1	689
672	Homo sapiens	BRCA1	NM_001408484.1	3843	NP_001395413.1	689
672	Homo sapiens	BRCA1	NM_001408485.1	4288	NP_001395414.1	689
672	Homo sapiens	BRCA1	NM_001408489.1	3754	NP_001395418.1	689
672	Homo sapiens	BRCA1	NM_001408490.1	3754	NP_001395419.1	689
672	Homo sapiens	BRCA1	NM_001408491.1	3748	NP_001395420.1	689
672	Homo sapiens	BRCA1	NM_001408492.1	3861	NP_001395421.1	688
672	Homo sapiens	BRCA1	NM_001408493.1	3751	NP_001395422.1	688
672	Homo sapiens	BRCA1	NM_001408494.1	3533	NP_001395423.1	680
672	Homo sapiens	BRCA1	NM_001408495.1	3520	NP_001395424.1	678
672	Homo sapiens	BRCA1	NM_001408496.1	3602	NP_001395425.1	672
672	Homo sapiens	BRCA1	NM_001408497.1	3773	NP_001395426.1	672
672	Homo sapiens	BRCA1	NM_001408498.1	3596	NP_001395427.1	672
672	Homo sapiens	BRCA1	NM_001408499.1	3775	NP_001395428.1	672
672	Homo sapiens	BRCA1	NM_001408500.1	3769	NP_001395429.1	672
672	Homo sapiens	BRCA1	NM_001408501.1	3766	NP_001395430.1	672
672	Homo sapiens	BRCA1	NM_001408502.1	3700	NP_001395431.1	671
672	Homo sapiens	BRCA1	NM_001408503.1	3766	NP_001395432.1	671
672	Homo sapiens	BRCA1	NM_001408504.1	3772	NP_001395433.1	671
672	Homo sapiens	BRCA1	NM_001408505.1	3551	NP_001395434.1	670
672	Homo sapiens	BRCA1	NM_001408506.1	3634	NP_001395435.1	651
672	Homo sapiens	BRCA1	NM_001408507.1	3624	NP_001395436.1	650
672	Homo sapiens	BRCA1	NM_001408508.1	3622	NP_001395437.1	647
672	Homo sapiens	BRCA1	NM_001408509.1	3619	NP_001395438.1	646
672	Homo sapiens	BRCA1	NM_001408510.1	3596	NP_001395439.1	633
672	Homo sapiens	BRCA1	NM_001408511.1	3383	NP_001395440.1	632
672	Homo sapiens	BRCA1	NM_001408512.1	3473	NP_001395441.1	592
672	Homo sapiens	BRCA1	NM_001408513.1	3549	NP_001395442.1	583
672	Homo sapiens	BRCA1	NM_001408514.1	3574	NP_001395443.1	451
672	Homo sapiens	BRCA1	NM_007294.4	7088	NP_009225.1	1863
672	Homo sapiens	BRCA1	NM_007297.4	7028	NP_009228.2	1816
672	Homo sapiens	BRCA1	NM_007298.4	3865	NP_009229.2	759
672	Homo sapiens	BRCA1	NM_007299.4	3696	NP_009230.2	699
672	Homo sapiens	BRCA1	NM_007300.4	7151	NP_009231.2	1884
12189	Mus musculus	Brca1	NM_009764.3	6648	NP_033894.3	1812
12189	Mus musculus	Brca1	XM_006532064.5	6543	XP_006532127.1	1767
12189	Mus musculus	Brca1	XM_006532068.4	3363	XP_006532131.1	707
12189	Mus musculus	Brca1	XM_030245495.2	6780	XP_030101355.1	1812
12189	Mus musculus	Brca1	XM_036156253.1	6542	XP_036012146.1	1765
12189	Mus musculus	Brca1	XR_004936704.1	6499		
101671098	Mustela putorius furo	BRCA1	XM_004772608.3	6956	XP_004772665.1	1879
101671098	Mustela putorius furo	BRCA1	XM_004772609.3	6953	XP_004772666.1	1878
101671098	Mustela putorius furo	BRCA1	XM_004772610.3	6953	XP_004772667.1	1878
101671098	Mustela putorius furo	BRCA1	XM_004772611.3	6768	XP_004772668.1	1869
101671098	Mustela putorius furo	BRCA1	XM_004772612.3	6929	XP_004772669.1	1869
101671098	Mustela putorius furo	BRCA1	XM_004772616.3	3642	XP_004772673.1	775
101671098	Mustela putorius furo	BRCA1	XM_013045926.2	6950	XP_012901380.1	1877
101671098	Mustela putorius furo	BRCA1	XM_013045927.2	6902	XP_012901381.1	1822
101671098	Mustela putorius furo	BRCA1	XM_013045928.2	3645	XP_012901382.1	776
101671098	Mustela putorius furo	BRCA1	XM_013045929.2	3642	XP_012901383.1	775
101671098	Mustela putorius furo	BRCA1	XM_045080745.1	6937	XP_044936680.1	1869
